origin,origin_code,field_of_technology,2014,2015,2016,2017,2018,2019,2020,2021,2022,2023,2024
Brazil,BR,3 - Telecommunications,51,85,63,61,71,48,50,51,32,20,16
Brazil,BR,4 - Digital communication,72,89,81,85,86,67,69,81,38,26,17
Brazil,BR,6 - Computer technology,120,151,148,133,158,130,119,136,145,94,65
Brazil,BR,7 - IT methods for management,103,131,106,97,138,116,122,122,119,82,33
Finland,FI,3 - Telecommunications,467,456,376,285,287,377,438,520,536,561,642
Finland,FI,4 - Digital communication,2232,2230,1774,1681,1694,1766,1990,2390,2637,2908,3488
Finland,FI,6 - Computer technology,1089,935,840,595,585,634,635,644,721,676,673
Finland,FI,7 - IT methods for management,164,151,123,82,98,77,81,85,80,66,74
India,IN,3 - Telecommunications,165,211,290,251,304,315,383,418,225,389,106
India,IN,4 - Digital communication,399,528,726,683,683,916,1230,1385,858,1528,503
India,IN,6 - Computer technology,979,1427,1635,1355,1468,2064,2293,2739,1936,3291,951
India,IN,7 - IT methods for management,469,534,626,644,587,762,912,1337,895,1503,293
Mexico,MX,3 - Telecommunications,18,16,16,20,13,19,8,7,12,7,7
Mexico,MX,4 - Digital communication,11,18,14,14,21,29,15,21,18,7,9
Mexico,MX,6 - Computer technology,46,46,70,64,48,65,35,36,53,36,35
Mexico,MX,7 - IT methods for management,11,32,40,39,35,26,18,21,27,21,14
Republic of Korea,KR,3 - Telecommunications,7056,6369,6321,5951,5271,5251,5740,5477,5084,5128,4752
Republic of Korea,KR,4 - Digital communication,11879,13048,14324,13171,12453,12608,13706,12661,13799,15456,15384
Republic of Korea,KR,6 - Computer technology,18735,19510,17979,16691,16710,18116,20560,22261,25295,27508,27873
Republic of Korea,KR,7 - IT methods for management,6626,6600,6901,5913,5723,7049,8666,9385,10486,10194,9602
