variable,definition,type,unit,source
country_code,ISO 3166-1 alpha-3 country code,categorical (text),code,World Bank API
country,Country name,categorical (text),text,World Bank API
fixed_broadband_per_100,"Fixed broadband subscriptions (per 100 people). Fixed broadband subscriptions refers to fixed subscriptions to high-speed access to the public Internet (a TCP/IP connection), at downstream speeds equal to, or greater than, 256 kbit/s. This includes cable modem, DSL, fiber-to-the-home/building, other fixed (wired)-broadband subscriptions, satellite broadband and terrestrial fixed wireless broadband. This total is measured irrespective of the method of payment. It excludes subscriptions that have access to data communications (including the Internet) via mobile-cellular networks. It should include fixed WiMAX and any other fixed wireless technologies. It includes both residential subscriptions and subscriptions for organizations.",continuous (ratio),subscriptions per 100 people,"World Telecommunication/ICT Indicators Database, International Telecommunication Union (ITU) (via World Bank World Development Indicators API)"
fixed_broadband_per_100_year,Observation year of fixed_broadband_per_100 for this country (reference year 2024),integer (year),year,World Bank API 'date' field
mobile_subscriptions_per_100,"Mobile cellular subscriptions (per 100 people). Mobile cellular telephone subscriptions are subscriptions to a public mobile telephone service that provide access to the PSTN using cellular technology. The indicator includes (and is split into) the number of postpaid subscriptions, and the number of active prepaid accounts (i.e. that have been used during the last three months). The indicator applies to all mobile cellular subscriptions that offer voice communications. It excludes subscriptions via data cards or USB modems, subscriptions to public mobile data services, private trunked mobile radio, telepoint, radio paging and telemetry services.",continuous (ratio),subscriptions per 100 people,"World Telecommunication/ICT Indicators Database, International Telecommunication Union (ITU) (via World Bank World Development Indicators API)"
mobile_subscriptions_per_100_year,Observation year of mobile_subscriptions_per_100 for this country (reference year 2024),integer (year),year,World Bank API 'date' field
internet_users_pct,"Individuals using the Internet (% of population). Internet users are individuals who have used the Internet (from any location) in the last 3 months. The Internet can be used via a computer, mobile phone, personal digital assistant, games machine, digital TV etc.",continuous (ratio),% of population,"World Telecommunication/ICT Indicators Database, International Telecommunication Union (ITU), uri: https://datahub.itu.int/ (via World Bank World Development Indicators API)"
internet_users_pct_year,Observation year of internet_users_pct for this country (reference year 2024),integer (year),year,World Bank API 'date' field
secure_servers_per_million,"Secure Internet servers (per 1 million people). The number of distinct, publicly-trusted TLS/SSL certificates found in the Netcraft Secure Server Survey (by hosting country), per 1 million people.",continuous (ratio),per 1 million people,"Secure Server Survey, Netcraft, uri: http://www.netcraft.com/; World Bank population estimates, World Bank (WB) (via World Bank World Development Indicators API)"
secure_servers_per_million_year,Observation year of secure_servers_per_million for this country (reference year 2024),integer (year),year,World Bank API 'date' field
ict_service_exports_pct,"ICT service exports (% of service exports, BoP). Information and communication technology service exports include computer and communications services (telecommunications and postal and courier services) and information services (computer data and news-related service transactions).",continuous (ratio),% of service exports,"Balance of Payments Statistics Yearbook and data files, International Monetary Fund (IMF) (via World Bank World Development Indicators API)"
ict_service_exports_pct_year,Observation year of ict_service_exports_pct for this country (reference year 2025),integer (year),year,World Bank API 'date' field
high_tech_exports_pct,"High-technology exports (% of manufactured exports). High-technology exports are products with high R&D intensity, such as in aerospace, computers, pharmaceuticals, scientific instruments, and electrical machinery.",continuous (ratio),% of manufactured exports,"Comtrade database, United Nations (UN), uri: comtrade.un.org, publisher: UN Statistics Division; World Integrated Trade Solution system (WITS), World Bank (WB), uri: https://wits.worldbank.org/ (via World Bank World Development Indicators API)"
high_tech_exports_pct_year,Observation year of high_tech_exports_pct for this country (reference year 2024),integer (year),year,World Bank API 'date' field
rd_expenditure_pct_gdp,"Research and development expenditure (% of GDP). Gross domestic expenditures on research and development (R&D), expressed as a percent of GDP. They include both capital and current expenditures in the four main sectors: Business enterprise, Government, Higher education and Private non-profit. R&D covers basic research, applied research, and experimental development.",continuous (ratio),% of GDP,"Stat Bulk Data Download Service, UN Educational, Scientific and Cultural Organization (UNESCO), uri: https://databrowser.uis.unesco.org/resources/bulk, publisher: UNESCO Institute for Statistics (UIS), date accessed: 2025-03-26, date published: 2025-02 (via World Bank World Development Indicators API)"
rd_expenditure_pct_gdp_year,Observation year of rd_expenditure_pct_gdp for this country (reference year 2023),integer (year),year,World Bank API 'date' field
resident_patent_applications,"Patent applications, residents. Patent applications are worldwide patent applications filed through the Patent Cooperation Treaty procedure or with a national patent office for exclusive rights for an invention--a product or process that provides a new way of doing something or offers a new technical solution to a problem. A patent provides protection for the invention to the owner of the patent for a limited period, generally 20 years.",count (integer-valued),count,"WIPO Patent Report: Statistics on Worldwide Patent Activity, World Intellectual Property Organization (WIPO), note: The International Bureau of WIPO assumes no responsibility with respect to the transformation of these data. (via World Bank World Development Indicators API)"
resident_patent_applications_year,Observation year of resident_patent_applications for this country (reference year 2021),integer (year),year,World Bank API 'date' field
fixed_broadband_per_100_norm,"Min–max normalised fixed_broadband_per_100 across the five economies (0 = lowest, 1 = highest); transformation before scaling: none (max/min = 15.2 <= 100)",continuous,0–1,Team calculation
mobile_subscriptions_per_100_norm,"Min–max normalised mobile_subscriptions_per_100 across the five economies (0 = lowest, 1 = highest); transformation before scaling: none (max/min = 2.2 <= 100)",continuous,0–1,Team calculation
internet_users_pct_norm,"Min–max normalised internet_users_pct across the five economies (0 = lowest, 1 = highest); transformation before scaling: none (max/min = 1.5 <= 100)",continuous,0–1,Team calculation
secure_servers_per_million_norm,"Min–max normalised secure_servers_per_million across the five economies (0 = lowest, 1 = highest); transformation before scaling: ln(1 + x) before normalisation (max/min = 335 > 100)",continuous,0–1,Team calculation
ict_service_exports_pct_norm,"Min–max normalised ict_service_exports_pct across the five economies (0 = lowest, 1 = highest); transformation before scaling: none (max/min = 9.5 <= 100)",continuous,0–1,Team calculation
high_tech_exports_pct_norm,"Min–max normalised high_tech_exports_pct across the five economies (0 = lowest, 1 = highest); transformation before scaling: none (max/min = 3.9 <= 100)",continuous,0–1,Team calculation
rd_expenditure_pct_gdp_norm,"Min–max normalised rd_expenditure_pct_gdp across the five economies (0 = lowest, 1 = highest); transformation before scaling: none (max/min = 18.5 <= 100)",continuous,0–1,Team calculation
resident_patent_applications_norm,"Min–max normalised resident_patent_applications across the five economies (0 = lowest, 1 = highest); transformation before scaling: ln(1 + x) before normalisation (max/min = 167 > 100)",continuous,0–1,Team calculation
digital_readiness_score,Digital Readiness Score: equal-weight (1/8) sum of the eight *_norm scores,continuous,0–1,Team calculation
