evidence_id,claim,value,unit,reference_period,source_organization,document,url,accessed,used_in
E1,Mexico fixed broadband subscriptions,21.7,subscriptions per 100 people,2024,ITU via World Bank WDI (IT.NET.BBND.P2),Part I raw data: data/raw/world_bank_IT.NET.BBND.P2.json,https://api.worldbank.org/v2/country/MEX;KOR;FIN;BRA;IND/indicator/IT.NET.BBND.P2?format=json&per_page=1000,2026-09-29,Problem; Evidence
E2,Fixed broadband subscriptions of peers (KOR / FIN / BRA / IND),47.8 / 36.5 / 24.1 / 3.2,subscriptions per 100 people,2024,ITU via World Bank WDI (IT.NET.BBND.P2),Part I raw data: data/raw/world_bank_IT.NET.BBND.P2.json,https://api.worldbank.org/v2/country/MEX;KOR;FIN;BRA;IND/indicator/IT.NET.BBND.P2?format=json&per_page=1000,2026-09-29,Problem; Evidence
E3,Change in fixed broadband subscriptions 2021-2024 (MEX vs BRA),+2.4 vs +4.3 (MEX 19.3 to 21.7; BRA 19.8 to 24.1),percentage points per 100 people,2021-2024,ITU via World Bank WDI (IT.NET.BBND.P2),Part I raw data (team calculation from the raw series),https://api.worldbank.org/v2/country/MEX;KOR;FIN;BRA;IND/indicator/IT.NET.BBND.P2?format=json&per_page=1000,2026-09-29,Evidence; Brazil comparison
E4,Mexico individuals using the Internet,83.1,% of population,2024,ITU via World Bank WDI (IT.NET.USER.ZS),Part I raw data: data/raw/world_bank_IT.NET.USER.ZS.json,https://api.worldbank.org/v2/country/MEX;KOR;FIN;BRA;IND/indicator/IT.NET.USER.ZS?format=json&per_page=1000,2026-09-29,Evidence
E5,Mexican households with internet access (fixed and/or mobile),78.3 (31.1 million households),% of households,2025,INEGI,ENDUTIH 2025 - Reporte de Resultados 19/26 (16 June 2026) p.11-12,https://www.inegi.org.mx/contenidos/saladeprensa/boletines/2026/endutih/ENDUTIH_25_RR.pdf,2026-09-29,Problem; Evidence
E6,Mexican households without internet access,about 8.6 million (21.7%),households,2025,INEGI (team calculation),Derived from E5: 31.1 / 0.783 = 39.7 million households; 39.7 - 31.1 = 8.6 million,https://www.inegi.org.mx/contenidos/saladeprensa/boletines/2026/endutih/ENDUTIH_25_RR.pdf,2026-09-29,Problem; Scalability
E7,Internet users aged 6+ by area (urban vs rural),88.9 vs 75.2 (gap 13.7 points),% of population aged 6+,2025,INEGI,ENDUTIH 2025 - Reporte de Resultados 19/26 p.3,https://www.inegi.org.mx/contenidos/saladeprensa/boletines/2026/endutih/ENDUTIH_25_RR.pdf,2026-09-29,Evidence; Representativeness
E8,Households with internet by state (highest vs lowest),CDMX 90.5 / NL 89.9 / BC 89.1 vs Veracruz 68.3 / Oaxaca 64.0 / Chiapas 53.9,% of households,2025,INEGI,ENDUTIH 2025 - Reporte de Resultados 19/26 p.12,https://www.inegi.org.mx/contenidos/saladeprensa/boletines/2026/endutih/ENDUTIH_25_RR.pdf,2026-09-29,Evidence (the gap is geographic)
E9,Share of Brazil's fixed broadband accesses held by small providers (PPPs),63.3 (33.4 million accesses),% of fixed broadband accesses,end of 2025 (4Q2025),Anatel (Brazil),Relatorio de Monitoramento da Competicao - 4T2025,https://sistemas.anatel.gov.br/anexar-api/publico/anexos/download/1cfc42a043dff9acb4d65c912a2d7bdb,2026-09-29,Brazil comparison; Why regional ISPs
E10,Global data-centre electricity consumption,about 415 TWh in 2024 (about 1.5% of global electricity); about 945 TWh by 2030 (Base Case),TWh,2024 and 2030 projection,International Energy Agency (IEA),Energy and AI (2025) - Energy demand from AI,https://www.iea.org/reports/energy-and-ai/energy-demand-from-ai,2026-09-29,AI and energy
E11,Mexican patent law: what is patentable and what is excluded,Art. 48: new + inventive activity + industrial application; Art. 47: business methods and computer programs 'as such' are not inventions,legal text,in force since 2020-11-05,Mexican Congress (LFPPI),Ley Federal de Proteccion a la Propiedad Industrial,https://www.diputados.gob.mx/LeyesBiblio/doc/LFPPI.doc,2026-09-29,Patents
