file,url,accessed_utc,note
data/raw/world_bank_BX.GSR.CCIS.ZS.json,https://api.worldbank.org/v2/country/MEX;KOR;FIN;BRA;IND/indicator/BX.GSR.CCIS.ZS?format=json&per_page=1000,2026-09-28T22:57:19Z,Exact download time was not recorded; timestamp is the file's first commit (upper bound). Saved as indented JSON of the unmodified API response (WDI lastupdated 2026-07-13)
data/raw/world_bank_GB.XPD.RSDV.GD.ZS.json,https://api.worldbank.org/v2/country/MEX;KOR;FIN;BRA;IND/indicator/GB.XPD.RSDV.GD.ZS?format=json&per_page=1000,2026-09-28T22:57:19Z,Exact download time was not recorded; timestamp is the file's first commit (upper bound). Saved as indented JSON of the unmodified API response (WDI lastupdated 2026-07-13)
data/raw/world_bank_IP.PAT.RESD.json,https://api.worldbank.org/v2/country/MEX;KOR;FIN;BRA;IND/indicator/IP.PAT.RESD?format=json&per_page=1000,2026-09-28T22:57:19Z,Exact download time was not recorded; timestamp is the file's first commit (upper bound). Saved as indented JSON of the unmodified API response (WDI lastupdated 2026-07-13)
data/raw/world_bank_IT.CEL.SETS.P2.json,https://api.worldbank.org/v2/country/MEX;KOR;FIN;BRA;IND/indicator/IT.CEL.SETS.P2?format=json&per_page=1000,2026-09-28T22:57:19Z,Exact download time was not recorded; timestamp is the file's first commit (upper bound). Saved as indented JSON of the unmodified API response (WDI lastupdated 2026-07-13)
data/raw/world_bank_IT.NET.BBND.P2.json,https://api.worldbank.org/v2/country/MEX;KOR;FIN;BRA;IND/indicator/IT.NET.BBND.P2?format=json&per_page=1000,2026-09-28T22:57:19Z,Exact download time was not recorded; timestamp is the file's first commit (upper bound). Saved as indented JSON of the unmodified API response (WDI lastupdated 2026-07-13)
data/raw/world_bank_IT.NET.SECR.P6.json,https://api.worldbank.org/v2/country/MEX;KOR;FIN;BRA;IND/indicator/IT.NET.SECR.P6?format=json&per_page=1000,2026-09-28T22:57:19Z,Exact download time was not recorded; timestamp is the file's first commit (upper bound). Saved as indented JSON of the unmodified API response (WDI lastupdated 2026-07-13)
data/raw/world_bank_IT.NET.USER.ZS.json,https://api.worldbank.org/v2/country/MEX;KOR;FIN;BRA;IND/indicator/IT.NET.USER.ZS?format=json&per_page=1000,2026-09-28T22:57:19Z,Exact download time was not recorded; timestamp is the file's first commit (upper bound). Saved as indented JSON of the unmodified API response (WDI lastupdated 2026-07-13)
data/raw/world_bank_TX.VAL.TECH.MF.ZS.json,https://api.worldbank.org/v2/country/MEX;KOR;FIN;BRA;IND/indicator/TX.VAL.TECH.MF.ZS?format=json&per_page=1000,2026-09-28T22:57:19Z,Exact download time was not recorded; timestamp is the file's first commit (upper bound). Saved as indented JSON of the unmodified API response (WDI lastupdated 2026-07-13)
data/raw/world_bank_metadata_BX.GSR.CCIS.ZS.json,https://api.worldbank.org/v2/indicator/BX.GSR.CCIS.ZS?format=json,2026-09-30T03:16:57Z,Downloaded by build_analysis.py; response bytes saved unmodified
data/raw/world_bank_metadata_GB.XPD.RSDV.GD.ZS.json,https://api.worldbank.org/v2/indicator/GB.XPD.RSDV.GD.ZS?format=json,2026-09-30T03:16:57Z,Downloaded by build_analysis.py; response bytes saved unmodified
data/raw/world_bank_metadata_IP.PAT.RESD.json,https://api.worldbank.org/v2/indicator/IP.PAT.RESD?format=json,2026-09-30T03:16:57Z,Downloaded by build_analysis.py; response bytes saved unmodified
data/raw/world_bank_metadata_IT.CEL.SETS.P2.json,https://api.worldbank.org/v2/indicator/IT.CEL.SETS.P2?format=json,2026-09-30T03:16:56Z,Downloaded by build_analysis.py; response bytes saved unmodified
data/raw/world_bank_metadata_IT.NET.BBND.P2.json,https://api.worldbank.org/v2/indicator/IT.NET.BBND.P2?format=json,2026-09-30T03:16:55Z,Downloaded by build_analysis.py; response bytes saved unmodified
data/raw/world_bank_metadata_IT.NET.SECR.P6.json,https://api.worldbank.org/v2/indicator/IT.NET.SECR.P6?format=json,2026-09-30T03:16:56Z,Downloaded by build_analysis.py; response bytes saved unmodified
data/raw/world_bank_metadata_IT.NET.USER.ZS.json,https://api.worldbank.org/v2/indicator/IT.NET.USER.ZS?format=json,2026-09-30T03:16:56Z,Downloaded by build_analysis.py; response bytes saved unmodified
data/raw/world_bank_metadata_TX.VAL.TECH.MF.ZS.json,https://api.worldbank.org/v2/indicator/TX.VAL.TECH.MF.ZS?format=json,2026-09-30T03:16:57Z,Downloaded by build_analysis.py; response bytes saved unmodified
